{
  "manage-0" : {
    "transaction" : "manage-0",
    "sampleCount" : 1029,
    "errorCount" : 0,
    "errorPct" : 0.0,
    "meanResTime" : 2256.3265306122457,
    "medianResTime" : 1614.0,
    "minResTime" : 285.0,
    "maxResTime" : 51788.0,
    "pct1ResTime" : 3401.0,
    "pct2ResTime" : 3904.0,
    "pct3ResTime" : 25623.80000000123,
    "throughput" : 10.20762447052288,
    "receivedKBytesPerSec" : 12.436880468370251,
    "sentKBytesPerSec" : 1.285921442087355
  },
  "manage-1" : {
    "transaction" : "manage-1",
    "sampleCount" : 1029,
    "errorCount" : 88,
    "errorPct" : 8.551992,
    "meanResTime" : 3908.4616132167125,
    "medianResTime" : 1452.0,
    "minResTime" : 275.0,
    "maxResTime" : 50848.0,
    "pct1ResTime" : 5963.0,
    "pct2ResTime" : 20271.0,
    "pct3ResTime" : 50259.7,
    "throughput" : 8.520116251148849,
    "receivedKBytesPerSec" : 60.76765334035753,
    "sentKBytesPerSec" : 0.9256777177018043
  },
  "Total" : {
    "transaction" : "Total",
    "sampleCount" : 10560,
    "errorCount" : 1068,
    "errorPct" : 10.113636,
    "meanResTime" : 4764.738257575766,
    "medianResTime" : 1968.0,
    "minResTime" : 264.0,
    "maxResTime" : 91435.0,
    "pct1ResTime" : 20263.0,
    "pct2ResTime" : 20813.0,
    "pct3ResTime" : 50262.0,
    "throughput" : 64.690819539568,
    "receivedKBytesPerSec" : 358.4576876439616,
    "sentKBytesPerSec" : 9.979563246992122
  },
  "profile" : {
    "transaction" : "profile",
    "sampleCount" : 1100,
    "errorCount" : 195,
    "errorPct" : 17.727272,
    "meanResTime" : 7861.488181818184,
    "medianResTime" : 3562.0,
    "minResTime" : 530.0,
    "maxResTime" : 91435.0,
    "pct1ResTime" : 21147.4,
    "pct2ResTime" : 23470.45,
    "pct3ResTime" : 51491.83,
    "throughput" : 7.78733496159428,
    "receivedKBytesPerSec" : 60.317112668578105,
    "sentKBytesPerSec" : 1.6472176869845316
  },
  "virtual_number_list" : {
    "transaction" : "virtual_number_list",
    "sampleCount" : 1100,
    "errorCount" : 278,
    "errorPct" : 25.272728,
    "meanResTime" : 8894.349999999995,
    "medianResTime" : 4135.0,
    "minResTime" : 547.0,
    "maxResTime" : 62887.0,
    "pct1ResTime" : 21346.8,
    "pct2ResTime" : 22982.6,
    "pct3ResTime" : 51756.69,
    "throughput" : 6.814901091003711,
    "receivedKBytesPerSec" : 50.27312119759496,
    "sentKBytesPerSec" : 1.7195040920383369
  },
  "virtual_number_list-0" : {
    "transaction" : "virtual_number_list-0",
    "sampleCount" : 1021,
    "errorCount" : 0,
    "errorPct" : 0.0,
    "meanResTime" : 1957.8119490695399,
    "medianResTime" : 1387.0,
    "minResTime" : 272.0,
    "maxResTime" : 50069.0,
    "pct1ResTime" : 2981.8,
    "pct2ResTime" : 3560.6,
    "pct3ResTime" : 20877.739999999525,
    "throughput" : 7.233644594958411,
    "receivedKBytesPerSec" : 8.813015423745625,
    "sentKBytesPerSec" : 1.2644749829077693
  },
  "login" : {
    "transaction" : "login",
    "sampleCount" : 1100,
    "errorCount" : 24,
    "errorPct" : 2.1818182,
    "meanResTime" : 2544.4827272727293,
    "medianResTime" : 1509.0,
    "minResTime" : 513.0,
    "maxResTime" : 50572.0,
    "pct1ResTime" : 3149.8,
    "pct2ResTime" : 4103.600000000004,
    "pct3ResTime" : 46467.39000000001,
    "throughput" : 10.971255311084958,
    "receivedKBytesPerSec" : 81.55768605004887,
    "sentKBytesPerSec" : 1.2856939817677684
  },
  "profile-0" : {
    "transaction" : "profile-0",
    "sampleCount" : 1030,
    "errorCount" : 0,
    "errorPct" : 0.0,
    "meanResTime" : 1947.646601941747,
    "medianResTime" : 1381.0,
    "minResTime" : 264.0,
    "maxResTime" : 50014.0,
    "pct1ResTime" : 3021.7,
    "pct2ResTime" : 3512.1499999999983,
    "pct3ResTime" : 6084.559999999992,
    "throughput" : 8.512255995768665,
    "receivedKBytesPerSec" : 10.370147549214064,
    "sentKBytesPerSec" : 1.0141554994958761
  },
  "manage" : {
    "transaction" : "manage",
    "sampleCount" : 1100,
    "errorCount" : 159,
    "errorPct" : 14.454545,
    "meanResTime" : 7347.980000000012,
    "medianResTime" : 3550.5,
    "minResTime" : 566.0,
    "maxResTime" : 72060.0,
    "pct1ResTime" : 20303.2,
    "pct2ResTime" : 23595.250000000004,
    "pct3ResTime" : 52457.11,
    "throughput" : 9.085052610713756,
    "receivedKBytesPerSec" : 72.01272113843969,
    "sentKBytesPerSec" : 2.0043816666735492
  },
  "profile-1" : {
    "transaction" : "profile-1",
    "sampleCount" : 1030,
    "errorCount" : 125,
    "errorPct" : 12.135922,
    "meanResTime" : 4631.866019417473,
    "medianResTime" : 1671.5,
    "minResTime" : 266.0,
    "maxResTime" : 50275.0,
    "pct1ResTime" : 20263.0,
    "pct2ResTime" : 20273.0,
    "pct3ResTime" : 50251.69,
    "throughput" : 7.308281773287166,
    "receivedKBytesPerSec" : 50.81359513360674,
    "sentKBytesPerSec" : 0.7624803989044673
  },
  "virtual_number_list-1" : {
    "transaction" : "virtual_number_list-1",
    "sampleCount" : 1021,
    "errorCount" : 199,
    "errorPct" : 19.490696,
    "meanResTime" : 5762.1096963761,
    "medianResTime" : 1856.0,
    "minResTime" : 275.0,
    "maxResTime" : 50282.0,
    "pct1ResTime" : 20269.0,
    "pct2ResTime" : 20275.0,
    "pct3ResTime" : 45953.11999999972,
    "throughput" : 6.33756044269815,
    "receivedKBytesPerSec" : 41.77378951664463,
    "sentKBytesPerSec" : 0.6030206606953316
  }
}