{
  "manage-0" : {
    "transaction" : "manage-0",
    "sampleCount" : 1127,
    "errorCount" : 0,
    "errorPct" : 0.0,
    "meanResTime" : 3164.4303460514643,
    "medianResTime" : 2308.0,
    "minResTime" : 285.0,
    "maxResTime" : 49364.0,
    "pct1ResTime" : 4125.6,
    "pct2ResTime" : 5822.0,
    "pct3ResTime" : 41741.52000000004,
    "throughput" : 13.351024131354176,
    "receivedKBytesPerSec" : 16.26843706686174,
    "sentKBytesPerSec" : 1.6819161259225475
  },
  "manage-1" : {
    "transaction" : "manage-1",
    "sampleCount" : 1127,
    "errorCount" : 98,
    "errorPct" : 8.695652,
    "meanResTime" : 3957.4880212954745,
    "medianResTime" : 1989.0,
    "minResTime" : 267.0,
    "maxResTime" : 47342.0,
    "pct1ResTime" : 17276.60000000017,
    "pct2ResTime" : 20270.0,
    "pct3ResTime" : 30852.640000000083,
    "throughput" : 11.177894152185987,
    "receivedKBytesPerSec" : 79.9763658392347,
    "sentKBytesPerSec" : 1.1960042995715305
  },
  "Total" : {
    "transaction" : "Total",
    "sampleCount" : 11430,
    "errorCount" : 1333,
    "errorPct" : 11.6622925,
    "meanResTime" : 5458.9402449693625,
    "medianResTime" : 2400.0,
    "minResTime" : 257.0,
    "maxResTime" : 69635.0,
    "pct1ResTime" : 20264.0,
    "pct2ResTime" : 20905.649999999958,
    "pct3ResTime" : 43803.9300000001,
    "throughput" : 79.15128767996012,
    "receivedKBytesPerSec" : 434.24594581201046,
    "sentKBytesPerSec" : 11.952200691881279
  },
  "profile" : {
    "transaction" : "profile",
    "sampleCount" : 1200,
    "errorCount" : 231,
    "errorPct" : 19.25,
    "meanResTime" : 8668.835833333329,
    "medianResTime" : 4640.0,
    "minResTime" : 574.0,
    "maxResTime" : 66827.0,
    "pct1ResTime" : 22547.7,
    "pct2ResTime" : 24095.200000000004,
    "pct3ResTime" : 50468.08000000001,
    "throughput" : 9.800478590037814,
    "receivedKBytesPerSec" : 75.47381421865684,
    "sentKBytesPerSec" : 2.0172013712502963
  },
  "virtual_number_list" : {
    "transaction" : "virtual_number_list",
    "sampleCount" : 1200,
    "errorCount" : 388,
    "errorPct" : 32.333332,
    "meanResTime" : 10209.285833333337,
    "medianResTime" : 5382.0,
    "minResTime" : 633.0,
    "maxResTime" : 68665.0,
    "pct1ResTime" : 22453.7,
    "pct2ResTime" : 23633.95,
    "pct3ResTime" : 46205.68,
    "throughput" : 8.41331828284174,
    "receivedKBytesPerSec" : 58.84497190302248,
    "sentKBytesPerSec" : 1.989139041477659
  },
  "virtual_number_list-0" : {
    "transaction" : "virtual_number_list-0",
    "sampleCount" : 1076,
    "errorCount" : 0,
    "errorPct" : 0.0,
    "meanResTime" : 2319.491635687732,
    "medianResTime" : 1672.0,
    "minResTime" : 290.0,
    "maxResTime" : 49071.0,
    "pct1ResTime" : 3578.0,
    "pct2ResTime" : 5116.799999999999,
    "pct3ResTime" : 36351.69000000004,
    "throughput" : 8.792286321294329,
    "receivedKBytesPerSec" : 10.713556136623632,
    "sentKBytesPerSec" : 1.53693286280438
  },
  "login" : {
    "transaction" : "login",
    "sampleCount" : 1200,
    "errorCount" : 38,
    "errorPct" : 3.1666667,
    "meanResTime" : 3211.3975,
    "medianResTime" : 2114.0,
    "minResTime" : 505.0,
    "maxResTime" : 50508.0,
    "pct1ResTime" : 4332.8,
    "pct2ResTime" : 6490.900000000005,
    "pct3ResTime" : 33777.44,
    "throughput" : 14.527669156547741,
    "receivedKBytesPerSec" : 106.93721739143594,
    "sentKBytesPerSec" : 1.7024612292829384
  },
  "profile-0" : {
    "transaction" : "profile-0",
    "sampleCount" : 1112,
    "errorCount" : 0,
    "errorPct" : 0.0,
    "meanResTime" : 2946.859712230216,
    "medianResTime" : 1958.0,
    "minResTime" : 276.0,
    "maxResTime" : 49837.0,
    "pct1ResTime" : 3769.7,
    "pct2ResTime" : 5582.449999999999,
    "pct3ResTime" : 45248.839999999975,
    "throughput" : 10.880519760080626,
    "receivedKBytesPerSec" : 13.258110855079696,
    "sentKBytesPerSec" : 1.2963119245408559
  },
  "manage" : {
    "transaction" : "manage",
    "sampleCount" : 1200,
    "errorCount" : 171,
    "errorPct" : 14.25,
    "meanResTime" : 7922.823333333339,
    "medianResTime" : 4645.0,
    "minResTime" : 571.0,
    "maxResTime" : 69635.0,
    "pct1ResTime" : 22664.90000000001,
    "pct2ResTime" : 24258.9,
    "pct3ResTime" : 50690.340000000004,
    "throughput" : 11.77729141926176,
    "receivedKBytesPerSec" : 94.06216339642363,
    "sentKBytesPerSec" : 2.5781226997477695
  },
  "profile-1" : {
    "transaction" : "profile-1",
    "sampleCount" : 1112,
    "errorCount" : 143,
    "errorPct" : 12.859713,
    "meanResTime" : 4802.341726618703,
    "medianResTime" : 2089.0,
    "minResTime" : 264.0,
    "maxResTime" : 48755.0,
    "pct1ResTime" : 20258.0,
    "pct2ResTime" : 20268.0,
    "pct3ResTime" : 39276.2399999998,
    "throughput" : 9.102890495174321,
    "receivedKBytesPerSec" : 63.20692639817778,
    "sentKBytesPerSec" : 0.9295646452574103
  },
  "virtual_number_list-1" : {
    "transaction" : "virtual_number_list-1",
    "sampleCount" : 1076,
    "errorCount" : 264,
    "errorPct" : 24.535316,
    "meanResTime" : 6730.101301115241,
    "medianResTime" : 2274.5,
    "minResTime" : 257.0,
    "maxResTime" : 50247.0,
    "pct1ResTime" : 20264.0,
    "pct2ResTime" : 20269.0,
    "pct3ResTime" : 20313.92,
    "throughput" : 7.56085221204115,
    "receivedKBytesPerSec" : 48.009803064745064,
    "sentKBytesPerSec" : 0.6694687552701107
  }
}