{
  "manage-0" : {
    "transaction" : "manage-0",
    "sampleCount" : 787,
    "errorCount" : 0,
    "errorPct" : 0.0,
    "meanResTime" : 1474.2236340533666,
    "medianResTime" : 1030.0,
    "minResTime" : 302.0,
    "maxResTime" : 49666.0,
    "pct1ResTime" : 2075.6000000000004,
    "pct2ResTime" : 2401.3999999999983,
    "pct3ResTime" : 3022.800000000001,
    "throughput" : 7.951904617560877,
    "receivedKBytesPerSec" : 9.689272159492775,
    "sentKBytesPerSec" : 1.0017536090481964
  },
  "manage-1" : {
    "transaction" : "manage-1",
    "sampleCount" : 787,
    "errorCount" : 11,
    "errorPct" : 1.3977128,
    "meanResTime" : 1884.4815756035568,
    "medianResTime" : 693.0,
    "minResTime" : 262.0,
    "maxResTime" : 50267.0,
    "pct1ResTime" : 1711.6000000000001,
    "pct2ResTime" : 2062.9999999999973,
    "pct3ResTime" : 50255.12,
    "throughput" : 7.962605097281382,
    "receivedKBytesPerSec" : 59.65258772018576,
    "sentKBytesPerSec" : 0.933117784837662
  },
  "Total" : {
    "transaction" : "Total",
    "sampleCount" : 7928,
    "errorCount" : 93,
    "errorPct" : 1.1730576,
    "meanResTime" : 2202.60469223008,
    "medianResTime" : 1047.0,
    "minResTime" : 259.0,
    "maxResTime" : 52053.0,
    "pct1ResTime" : 2426.2000000000007,
    "pct2ResTime" : 3316.0,
    "pct3ResTime" : 50255.0,
    "throughput" : 77.00750842633875,
    "receivedKBytesPerSec" : 459.7455077233344,
    "sentKBytesPerSec" : 12.769044861147536
  },
  "profile" : {
    "transaction" : "profile",
    "sampleCount" : 800,
    "errorCount" : 13,
    "errorPct" : 1.625,
    "meanResTime" : 3149.10625,
    "medianResTime" : 1538.5,
    "minResTime" : 531.0,
    "maxResTime" : 51142.0,
    "pct1ResTime" : 3475.3999999999996,
    "pct2ResTime" : 3930.499999999999,
    "pct3ResTime" : 50261.99,
    "throughput" : 7.989453920824511,
    "receivedKBytesPerSec" : 69.33355782866616,
    "sentKBytesPerSec" : 1.8764293632405225
  },
  "virtual_number_list" : {
    "transaction" : "virtual_number_list",
    "sampleCount" : 800,
    "errorCount" : 21,
    "errorPct" : 2.625,
    "meanResTime" : 3732.5925000000016,
    "medianResTime" : 1549.5,
    "minResTime" : 539.0,
    "maxResTime" : 51642.0,
    "pct1ResTime" : 3511.5,
    "pct2ResTime" : 4294.349999999998,
    "pct3ResTime" : 50621.13,
    "throughput" : 7.9506266087596025,
    "receivedKBytesPerSec" : 68.3675274979875,
    "sentKBytesPerSec" : 2.3063805020820705
  },
  "virtual_number_list-0" : {
    "transaction" : "virtual_number_list-0",
    "sampleCount" : 787,
    "errorCount" : 0,
    "errorPct" : 0.0,
    "meanResTime" : 1259.7496823379931,
    "medianResTime" : 812.0,
    "minResTime" : 269.0,
    "maxResTime" : 49423.0,
    "pct1ResTime" : 1755.6000000000006,
    "pct2ResTime" : 2092.199999999998,
    "pct3ResTime" : 2539.84,
    "throughput" : 7.84161335963811,
    "receivedKBytesPerSec" : 9.554261230595246,
    "sentKBytesPerSec" : 1.370750772827365
  },
  "login" : {
    "transaction" : "login",
    "sampleCount" : 800,
    "errorCount" : 13,
    "errorPct" : 1.625,
    "meanResTime" : 2083.8649999999993,
    "medianResTime" : 965.0,
    "minResTime" : 516.0,
    "maxResTime" : 52053.0,
    "pct1ResTime" : 1732.8999999999996,
    "pct2ResTime" : 2092.499999999999,
    "pct3ResTime" : 50510.98,
    "throughput" : 8.061996755046307,
    "receivedKBytesPerSec" : 60.26226447002449,
    "sentKBytesPerSec" : 0.9447652447319891
  },
  "profile-0" : {
    "transaction" : "profile-0",
    "sampleCount" : 790,
    "errorCount" : 0,
    "errorPct" : 0.0,
    "meanResTime" : 1110.7101265822776,
    "medianResTime" : 775.5,
    "minResTime" : 266.0,
    "maxResTime" : 38397.0,
    "pct1ResTime" : 1691.6999999999994,
    "pct2ResTime" : 1999.199999999999,
    "pct3ResTime" : 2429.4700000000025,
    "throughput" : 7.99757035837214,
    "receivedKBytesPerSec" : 9.744784812208948,
    "sentKBytesPerSec" : 0.9528355309779307
  },
  "manage" : {
    "transaction" : "manage",
    "sampleCount" : 800,
    "errorCount" : 24,
    "errorPct" : 3.0,
    "meanResTime" : 4121.723749999998,
    "medianResTime" : 1799.5,
    "minResTime" : 587.0,
    "maxResTime" : 51962.0,
    "pct1ResTime" : 3976.099999999999,
    "pct2ResTime" : 4766.399999999994,
    "pct3ResTime" : 50924.21,
    "throughput" : 8.059154191767576,
    "receivedKBytesPerSec" : 69.07767466327846,
    "sentKBytesPerSec" : 1.944349651441581
  },
  "profile-1" : {
    "transaction" : "profile-1",
    "sampleCount" : 790,
    "errorCount" : 3,
    "errorPct" : 0.37974682,
    "meanResTime" : 1441.898734177216,
    "medianResTime" : 727.5,
    "minResTime" : 264.0,
    "maxResTime" : 50267.0,
    "pct1ResTime" : 1700.9,
    "pct2ResTime" : 2030.849999999999,
    "pct3ResTime" : 39689.0000000001,
    "throughput" : 7.932364045304844,
    "receivedKBytesPerSec" : 60.02690194744558,
    "sentKBytesPerSec" : 0.9295739115591614
  },
  "virtual_number_list-1" : {
    "transaction" : "virtual_number_list-1",
    "sampleCount" : 787,
    "errorCount" : 8,
    "errorPct" : 1.0165185,
    "meanResTime" : 1704.110546378652,
    "medianResTime" : 713.0,
    "minResTime" : 259.0,
    "maxResTime" : 50267.0,
    "pct1ResTime" : 1646.2000000000005,
    "pct2ResTime" : 1943.5999999999995,
    "pct3ResTime" : 50243.84,
    "throughput" : 7.85460497425047,
    "receivedKBytesPerSec" : 59.06513078116891,
    "sentKBytesPerSec" : 0.9204615204199769
  }
}