{
  "manage-0" : {
    "transaction" : "manage-0",
    "sampleCount" : 887,
    "errorCount" : 0,
    "errorPct" : 0.0,
    "meanResTime" : 1590.6832018038344,
    "medianResTime" : 979.0,
    "minResTime" : 282.0,
    "maxResTime" : 47727.0,
    "pct1ResTime" : 2452.8,
    "pct2ResTime" : 2758.399999999999,
    "pct3ResTime" : 19022.48000000008,
    "throughput" : 8.802572296211025,
    "receivedKBytesPerSec" : 10.725072507095646,
    "sentKBytesPerSec" : 1.1089177990343964
  },
  "manage-1" : {
    "transaction" : "manage-1",
    "sampleCount" : 887,
    "errorCount" : 9,
    "errorPct" : 1.0146562,
    "meanResTime" : 1688.7891770011279,
    "medianResTime" : 763.0,
    "minResTime" : 273.0,
    "maxResTime" : 50278.0,
    "pct1ResTime" : 2386.2,
    "pct2ResTime" : 2803.7999999999997,
    "pct3ResTime" : 50251.08,
    "throughput" : 8.80021430059627,
    "receivedKBytesPerSec" : 66.17687751753594,
    "sentKBytesPerSec" : 1.0312751133511255
  },
  "Total" : {
    "transaction" : "Total",
    "sampleCount" : 8930,
    "errorCount" : 107,
    "errorPct" : 1.1982083,
    "meanResTime" : 2493.340985442339,
    "medianResTime" : 1065.0,
    "minResTime" : 264.0,
    "maxResTime" : 52507.0,
    "pct1ResTime" : 3409.800000000001,
    "pct2ResTime" : 4602.449999999999,
    "pct3ResTime" : 50259.0,
    "throughput" : 85.6323657739037,
    "receivedKBytesPerSec" : 510.97027964169615,
    "sentKBytesPerSec" : 14.200241170660606
  },
  "profile" : {
    "transaction" : "profile",
    "sampleCount" : 900,
    "errorCount" : 15,
    "errorPct" : 1.6666666,
    "meanResTime" : 3763.8522222222196,
    "medianResTime" : 1749.0,
    "minResTime" : 540.0,
    "maxResTime" : 51586.0,
    "pct1ResTime" : 4706.099999999999,
    "pct2ResTime" : 5772.499999999996,
    "pct3ResTime" : 50466.05,
    "throughput" : 8.84938349294999,
    "receivedKBytesPerSec" : 76.82134830804704,
    "sentKBytesPerSec" : 2.0832923639653105
  },
  "virtual_number_list" : {
    "transaction" : "virtual_number_list",
    "sampleCount" : 900,
    "errorCount" : 28,
    "errorPct" : 3.1111112,
    "meanResTime" : 4514.82111111111,
    "medianResTime" : 1751.0,
    "minResTime" : 561.0,
    "maxResTime" : 52507.0,
    "pct1ResTime" : 4793.099999999999,
    "pct2ResTime" : 34045.099999999955,
    "pct3ResTime" : 50845.9,
    "throughput" : 8.777833045615472,
    "receivedKBytesPerSec" : 75.16185272624864,
    "sentKBytesPerSec" : 2.5459144673318312
  },
  "virtual_number_list-0" : {
    "transaction" : "virtual_number_list-0",
    "sampleCount" : 885,
    "errorCount" : 0,
    "errorPct" : 0.0,
    "meanResTime" : 1497.8293785310725,
    "medianResTime" : 806.0,
    "minResTime" : 279.0,
    "maxResTime" : 49899.0,
    "pct1ResTime" : 2177.6,
    "pct2ResTime" : 2555.2999999999993,
    "pct3ResTime" : 32046.479999999992,
    "throughput" : 8.726089528692565,
    "receivedKBytesPerSec" : 10.633361732153421,
    "sentKBytesPerSec" : 1.5253613531601262
  },
  "login" : {
    "transaction" : "login",
    "sampleCount" : 900,
    "errorCount" : 12,
    "errorPct" : 1.3333334,
    "meanResTime" : 2220.688888888888,
    "medianResTime" : 990.0,
    "minResTime" : 510.0,
    "maxResTime" : 51516.0,
    "pct1ResTime" : 2812.8999999999996,
    "pct2ResTime" : 3516.4499999999994,
    "pct3ResTime" : 50528.88,
    "throughput" : 9.535009376092553,
    "receivedKBytesPerSec" : 71.47733134290013,
    "sentKBytesPerSec" : 1.1173839112608461
  },
  "profile-0" : {
    "transaction" : "profile-0",
    "sampleCount" : 893,
    "errorCount" : 0,
    "errorPct" : 0.0,
    "meanResTime" : 1388.5587905935054,
    "medianResTime" : 757.0,
    "minResTime" : 264.0,
    "maxResTime" : 45831.0,
    "pct1ResTime" : 2189.0000000000005,
    "pct2ResTime" : 2660.7999999999997,
    "pct3ResTime" : 18181.61999999936,
    "throughput" : 8.804708991057256,
    "receivedKBytesPerSec" : 10.730430967334826,
    "sentKBytesPerSec" : 1.0489985321376807
  },
  "manage" : {
    "transaction" : "manage",
    "sampleCount" : 900,
    "errorCount" : 22,
    "errorPct" : 2.4444444,
    "meanResTime" : 3958.2255555555566,
    "medianResTime" : 1884.5,
    "minResTime" : 566.0,
    "maxResTime" : 52478.0,
    "pct1ResTime" : 4931.299999999999,
    "pct2ResTime" : 5866.95,
    "pct3ResTime" : 50627.47,
    "throughput" : 8.902781624658726,
    "receivedKBytesPerSec" : 76.6937348838187,
    "sentKBytesPerSec" : 2.1497667347564593
  },
  "profile-1" : {
    "transaction" : "profile-1",
    "sampleCount" : 893,
    "errorCount" : 8,
    "errorPct" : 0.8958567,
    "meanResTime" : 2010.6438969764843,
    "medianResTime" : 856.0,
    "minResTime" : 267.0,
    "maxResTime" : 50271.0,
    "pct1ResTime" : 2492.0,
    "pct2ResTime" : 2972.7999999999993,
    "pct3ResTime" : 49526.61999999996,
    "throughput" : 8.805056251787141,
    "receivedKBytesPerSec" : 66.29299382388902,
    "sentKBytesPerSec" : 1.0318425295063056
  },
  "virtual_number_list-1" : {
    "transaction" : "virtual_number_list-1",
    "sampleCount" : 885,
    "errorCount" : 13,
    "errorPct" : 1.4689265,
    "meanResTime" : 2241.522033898302,
    "medianResTime" : 792.0,
    "minResTime" : 268.0,
    "maxResTime" : 50284.0,
    "pct1ResTime" : 2295.7999999999997,
    "pct2ResTime" : 2903.799999999997,
    "pct3ResTime" : 50255.56,
    "throughput" : 8.656526629823446,
    "receivedKBytesPerSec" : 64.80565608646745,
    "sentKBytesPerSec" : 1.014436714432435
  }
}