{
  "manage-0" : {
    "transaction" : "manage-0",
    "sampleCount" : 993,
    "errorCount" : 0,
    "errorPct" : 0.0,
    "meanResTime" : 2569.6424974823753,
    "medianResTime" : 1463.0,
    "minResTime" : 267.0,
    "maxResTime" : 49930.0,
    "pct1ResTime" : 3111.6000000000004,
    "pct2ResTime" : 3511.0999999999985,
    "pct3ResTime" : 43887.779999999984,
    "throughput" : 10.977470207167968,
    "receivedKBytesPerSec" : 13.375186032468108,
    "sentKBytesPerSec" : 1.3829039616451835
  },
  "manage-1" : {
    "transaction" : "manage-1",
    "sampleCount" : 993,
    "errorCount" : 9,
    "errorPct" : 0.9063444,
    "meanResTime" : 1943.4189325276936,
    "medianResTime" : 1084.0,
    "minResTime" : 255.0,
    "maxResTime" : 50270.0,
    "pct1ResTime" : 2508.8,
    "pct2ResTime" : 2927.399999999999,
    "pct3ResTime" : 38671.13999999998,
    "throughput" : 9.753270734294581,
    "receivedKBytesPerSec" : 73.53980252818921,
    "sentKBytesPerSec" : 1.1372063214552313
  },
  "Total" : {
    "transaction" : "Total",
    "sampleCount" : 9968,
    "errorCount" : 76,
    "errorPct" : 0.7624398,
    "meanResTime" : 2743.9390048154105,
    "medianResTime" : 1456.5,
    "minResTime" : 255.0,
    "maxResTime" : 70285.0,
    "pct1ResTime" : 3872.300000000001,
    "pct2ResTime" : 5276.849999999995,
    "pct3ResTime" : 46124.079999999965,
    "throughput" : 80.86380192911439,
    "receivedKBytesPerSec" : 485.31386071822595,
    "sentKBytesPerSec" : 13.388204544025667
  },
  "profile" : {
    "transaction" : "profile",
    "sampleCount" : 1000,
    "errorCount" : 13,
    "errorPct" : 1.3,
    "meanResTime" : 4216.999,
    "medianResTime" : 2396.0,
    "minResTime" : 526.0,
    "maxResTime" : 51807.0,
    "pct1ResTime" : 5342.8,
    "pct2ResTime" : 7662.249999999985,
    "pct3ResTime" : 50815.87,
    "throughput" : 8.24347940778844,
    "receivedKBytesPerSec" : 71.86158180519834,
    "sentKBytesPerSec" : 1.9423698354601509
  },
  "virtual_number_list" : {
    "transaction" : "virtual_number_list",
    "sampleCount" : 1000,
    "errorCount" : 15,
    "errorPct" : 1.5,
    "meanResTime" : 4007.640999999998,
    "medianResTime" : 2352.0,
    "minResTime" : 540.0,
    "maxResTime" : 70285.0,
    "pct1ResTime" : 5059.6,
    "pct2ResTime" : 6312.949999999994,
    "pct3ResTime" : 48620.520000000004,
    "throughput" : 8.222264247128376,
    "receivedKBytesPerSec" : 71.66451645891746,
    "sentKBytesPerSec" : 2.3859260402192057
  },
  "virtual_number_list-0" : {
    "transaction" : "virtual_number_list-0",
    "sampleCount" : 995,
    "errorCount" : 0,
    "errorPct" : 0.0,
    "meanResTime" : 1687.037185929648,
    "medianResTime" : 1191.0,
    "minResTime" : 271.0,
    "maxResTime" : 50019.0,
    "pct1ResTime" : 2501.6,
    "pct2ResTime" : 2867.9999999999995,
    "pct3ResTime" : 21947.239999999998,
    "throughput" : 8.200436807186716,
    "receivedKBytesPerSec" : 9.990290311946264,
    "sentKBytesPerSec" : 1.4334747934437715
  },
  "login" : {
    "transaction" : "login",
    "sampleCount" : 1000,
    "errorCount" : 4,
    "errorPct" : 0.4,
    "meanResTime" : 2009.9499999999975,
    "medianResTime" : 1265.5,
    "minResTime" : 508.0,
    "maxResTime" : 50539.0,
    "pct1ResTime" : 2674.9,
    "pct2ResTime" : 3138.1499999999974,
    "pct3ResTime" : 29124.10000000001,
    "throughput" : 11.245178629662531,
    "receivedKBytesPerSec" : 85.07568444482553,
    "sentKBytesPerSec" : 1.317794370663578
  },
  "profile-0" : {
    "transaction" : "profile-0",
    "sampleCount" : 996,
    "errorCount" : 0,
    "errorPct" : 0.0,
    "meanResTime" : 1927.2279116465875,
    "medianResTime" : 1176.5,
    "minResTime" : 256.0,
    "maxResTime" : 49520.0,
    "pct1ResTime" : 2486.9,
    "pct2ResTime" : 3075.499999999999,
    "pct3ResTime" : 37697.74999999992,
    "throughput" : 9.664929696369828,
    "receivedKBytesPerSec" : 11.77837496239799,
    "sentKBytesPerSec" : 1.1514857646065617
  },
  "manage" : {
    "transaction" : "manage",
    "sampleCount" : 1000,
    "errorCount" : 16,
    "errorPct" : 1.6,
    "meanResTime" : 4773.455000000003,
    "medianResTime" : 2626.0,
    "minResTime" : 537.0,
    "maxResTime" : 70186.0,
    "pct1ResTime" : 5823.5,
    "pct2ResTime" : 20278.55,
    "pct3ResTime" : 50264.96,
    "throughput" : 9.704686393059209,
    "receivedKBytesPerSec" : 84.45088230762885,
    "sentKBytesPerSec" : 2.343738627320633
  },
  "profile-1" : {
    "transaction" : "profile-1",
    "sampleCount" : 996,
    "errorCount" : 9,
    "errorPct" : 0.90361446,
    "meanResTime" : 2104.750000000002,
    "medianResTime" : 1156.5,
    "minResTime" : 263.0,
    "maxResTime" : 50276.0,
    "pct1ResTime" : 2509.7000000000007,
    "pct2ResTime" : 3076.0999999999995,
    "pct3ResTime" : 47846.48999999997,
    "throughput" : 8.227936985237628,
    "receivedKBytesPerSec" : 61.9813168881298,
    "sentKBytesPerSec" : 0.9622751980570172
  },
  "virtual_number_list-1" : {
    "transaction" : "virtual_number_list-1",
    "sampleCount" : 995,
    "errorCount" : 10,
    "errorPct" : 1.0050251,
    "meanResTime" : 2178.509547738692,
    "medianResTime" : 1054.0,
    "minResTime" : 262.0,
    "maxResTime" : 50273.0,
    "pct1ResTime" : 2339.0,
    "pct2ResTime" : 2858.5999999999995,
    "pct3ResTime" : 43281.99999999991,
    "throughput" : 8.203952738636083,
    "receivedKBytesPerSec" : 61.816294328141616,
    "sentKBytesPerSec" : 0.955603320333435
  }
}